-- phpMyAdmin SQL Dump
-- version 4.1.14
-- http://www.phpmyadmin.net
--
-- Host: 127.0.0.1
-- Generation Time: Jul 01, 2015 at 11:55 PM
-- Server version: 5.6.17
-- PHP Version: 5.5.12

SET SQL_MODE = "NO_AUTO_VALUE_ON_ZERO";
SET time_zone = "+00:00";


/*!40101 SET @OLD_CHARACTER_SET_CLIENT=@@CHARACTER_SET_CLIENT */;
/*!40101 SET @OLD_CHARACTER_SET_RESULTS=@@CHARACTER_SET_RESULTS */;
/*!40101 SET @OLD_COLLATION_CONNECTION=@@COLLATION_CONNECTION */;
/*!40101 SET NAMES utf8 */;

--
-- Database: `my_db`
--

-- --------------------------------------------------------

--
-- Table structure for table `gas_stations`
--

CREATE TABLE IF NOT EXISTS `gas_stations` (
  `ID` int(11) NOT NULL,
  `GAS_REVENUE` double NOT NULL DEFAULT '0',
  `CLEAN_REVENUE` double NOT NULL DEFAULT '0',
  `CARS_WASHED` int(11) NOT NULL DEFAULT '0',
  `CARS_CLEANED` int(11) NOT NULL DEFAULT '0',
  PRIMARY KEY (`ID`)
) ENGINE=InnoDB DEFAULT CHARSET=latin1;

--
-- Dumping data for table `gas_stations`
--

INSERT INTO `gas_stations` (`ID`, `GAS_REVENUE`, `CLEAN_REVENUE`, `CARS_WASHED`, `CARS_CLEANED`) VALUES
(0, 0, 0, 0, 0);

-- --------------------------------------------------------

--
-- Table structure for table `pumps`
--

CREATE TABLE IF NOT EXISTS `pumps` (
  `ID` int(11) NOT NULL,
  `STATION_ID` int(11) NOT NULL,
  PRIMARY KEY (`ID`),
  KEY `STATION_ID` (`STATION_ID`)
) ENGINE=InnoDB DEFAULT CHARSET=latin1;

--
-- Dumping data for table `pumps`
--

INSERT INTO `pumps` (`ID`, `STATION_ID`) VALUES
(1, 0),
(2, 0),
(3, 0);

-- --------------------------------------------------------

--
-- Table structure for table `service_types`
--

CREATE TABLE IF NOT EXISTS `service_types` (
  `ID` int(11) NOT NULL AUTO_INCREMENT,
  `NAME` varchar(100) NOT NULL,
  PRIMARY KEY (`ID`),
  UNIQUE KEY `unique_NAME` (`NAME`)
) ENGINE=InnoDB  DEFAULT CHARSET=latin1 AUTO_INCREMENT=2 ;

--
-- Dumping data for table `service_types`
--

INSERT INTO `service_types` (`ID`, `NAME`) VALUES
(1, 'cleaning'),
(0, 'fuel');

-- --------------------------------------------------------

--
-- Table structure for table `transactions`
--

CREATE TABLE IF NOT EXISTS `transactions` (
  `ID` int(11) NOT NULL AUTO_INCREMENT,
  `AMOUNT` double NOT NULL,
  `DATE` date NOT NULL,
  `TIME` time NOT NULL,
  `SERVICE_TYPE` int(11) DEFAULT NULL,
  `PUMP` int(11) DEFAULT NULL,
  `STATION_ID` int(11) NOT NULL,
  PRIMARY KEY (`ID`),
  KEY `PUMP` (`PUMP`),
  KEY `TYPE` (`SERVICE_TYPE`),
  KEY `STATION_ID` (`STATION_ID`)
) ENGINE=InnoDB  DEFAULT CHARSET=latin1 AUTO_INCREMENT=1113 ;

--
-- Dumping data for table `transactions`
--

INSERT INTO `transactions` (`ID`, `AMOUNT`, DATE_ADDED, TIME_ADDED, `SERVICE_TYPE`, `PUMP`, `STATION_ID`) VALUES
(611, 258.06, '2015-07-01', '18:10:57', 0, 2, 0),
(612, 273.7, '2015-07-01', '18:10:57', 0, 3, 0),
(613, 281.52, '2015-07-01', '18:10:57', 0, 1, 0),
(614, 195.5, '2015-07-01', '18:10:57', 0, 2, 0),
(615, 40, '2015-07-01', '18:11:05', 1, NULL, 0),
(616, 40, '2015-07-01', '18:11:09', 1, NULL, 0),
(617, 40, '2015-07-01', '18:11:14', 1, NULL, 0),
(618, 40, '2015-07-01', '18:11:18', 1, NULL, 0),
(619, 226.78, '2015-07-01', '18:10:57', 0, 2, 0),
(620, 265.88, '2015-07-01', '18:10:57', 0, 1, 0),
(621, 297.16, '2015-07-01', '18:10:57', 0, 3, 0),
(622, 40, '2015-07-01', '18:11:26', 1, NULL, 0),
(623, 40, '2015-07-01', '18:11:32', 1, NULL, 0),
(624, 258.06, '2015-07-01', '18:12:37', 0, 2, 0),
(625, 265.88, '2015-07-01', '18:12:37', 0, 1, 0),
(626, 273.7, '2015-07-01', '18:12:37', 0, 3, 0),
(627, 195.5, '2015-07-01', '18:12:37', 0, 2, 0),
(628, 40, '2015-07-01', '18:12:48', 1, NULL, 0),
(629, 40, '2015-07-01', '18:12:48', 1, NULL, 0),
(630, 40, '2015-07-01', '18:12:49', 1, NULL, 0),
(631, 226.78, '2015-07-01', '18:13:43', 0, 2, 0),
(632, 265.88, '2015-07-01', '18:13:43', 0, 1, 0),
(633, 297.16, '2015-07-01', '18:13:43', 0, 3, 0),
(634, 195.5, '2015-07-01', '18:13:43', 0, 2, 0),
(635, 40, '2015-07-01', '18:13:49', 1, NULL, 0),
(636, 226.78, '2015-07-01', '18:14:15', 0, 2, 0),
(637, 281.52, '2015-07-01', '18:14:15', 0, 1, 0),
(638, 297.16, '2015-07-01', '18:14:15', 0, 3, 0),
(639, 40, '2015-07-01', '18:14:22', 1, NULL, 0),
(640, 258.06, '2015-07-01', '18:14:15', 0, 2, 0),
(641, 226.78, '2015-07-01', '18:21:02', 0, 2, 0),
(642, 40, '2015-07-01', '18:21:06', 1, NULL, 0),
(643, 273.7, '2015-07-01', '18:21:02', 0, 3, 0),
(644, 281.52, '2015-07-01', '18:21:02', 0, 1, 0),
(645, 195.5, '2015-07-01', '18:21:02', 0, 2, 0),
(646, 40, '2015-07-01', '18:21:16', 1, NULL, 0),
(647, 40, '2015-07-01', '18:21:17', 1, NULL, 0),
(648, 40, '2015-07-01', '18:21:21', 1, NULL, 0),
(649, 40, '2015-07-01', '18:21:25', 1, NULL, 0),
(650, 258.06, '2015-07-01', '18:21:02', 0, 2, 0),
(651, 265.88, '2015-07-01', '18:21:02', 0, 1, 0),
(652, 297.16, '2015-07-01', '18:21:02', 0, 3, 0),
(653, 226.78, '2015-07-01', '18:21:52', 0, 2, 0),
(654, 265.88, '2015-07-01', '18:21:52', 0, 1, 0),
(655, 297.16, '2015-07-01', '18:21:52', 0, 3, 0),
(656, 40, '2015-07-01', '18:21:56', 1, NULL, 0),
(657, 40, '2015-07-01', '18:21:58', 1, NULL, 0),
(658, 258.06, '2015-07-01', '18:21:52', 0, 2, 0),
(659, 258.06, '2015-07-01', '18:23:05', 0, 2, 0),
(660, 281.52, '2015-07-01', '18:23:05', 0, 1, 0),
(661, 297.16, '2015-07-01', '18:23:05', 0, 3, 0),
(662, 40, '2015-07-01', '18:23:10', 1, NULL, 0),
(663, 195.5, '2015-07-01', '18:23:05', 0, 2, 0),
(664, 40, '2015-07-01', '18:23:14', 1, NULL, 0),
(665, 195.5, '2015-07-01', '18:23:47', 0, 2, 0),
(666, 40, '2015-07-01', '18:23:50', 1, NULL, 0),
(667, 265.88, '2015-07-01', '18:23:47', 0, 1, 0),
(668, 297.16, '2015-07-01', '18:23:47', 0, 3, 0),
(669, 226.78, '2015-07-01', '18:23:47', 0, 2, 0),
(670, 258.06, '2015-07-01', '18:25:05', 0, 2, 0),
(671, 281.52, '2015-07-01', '18:25:05', 0, 1, 0),
(672, 297.16, '2015-07-01', '18:25:05', 0, 3, 0),
(673, 195.5, '2015-07-01', '18:25:05', 0, 2, 0),
(674, 258.06, '2015-07-01', '18:25:58', 0, 2, 0),
(675, 273.7, '2015-07-01', '18:25:58', 0, 3, 0),
(676, 281.52, '2015-07-01', '18:25:58', 0, 1, 0),
(677, 195.5, '2015-07-01', '18:25:58', 0, 2, 0),
(678, 40, '2015-07-01', '18:26:09', 1, NULL, 0),
(679, 40, '2015-07-01', '18:26:09', 1, NULL, 0),
(680, 40, '2015-07-01', '18:26:11', 1, NULL, 0),
(681, 40, '2015-07-01', '18:26:12', 1, NULL, 0),
(682, 258.06, '2015-07-01', '18:27:11', 0, 2, 0),
(683, 265.88, '2015-07-01', '18:27:11', 0, 1, 0),
(684, 273.7, '2015-07-01', '18:27:11', 0, 3, 0),
(685, 40, '2015-07-01', '18:27:16', 1, NULL, 0),
(686, 226.78, '2015-07-01', '18:27:11', 0, 2, 0),
(687, 40, '2015-07-01', '18:27:19', 1, NULL, 0),
(688, 40, '2015-07-01', '18:27:20', 1, NULL, 0),
(689, 195.5, '2015-07-01', '18:27:11', 0, 2, 0),
(690, 281.52, '2015-07-01', '18:27:11', 0, 1, 0),
(691, 297.16, '2015-07-01', '18:27:11', 0, 3, 0),
(692, 40, '2015-07-01', '18:27:41', 1, NULL, 0),
(693, 40, '2015-07-01', '18:27:43', 1, NULL, 0),
(694, 195.5, '2015-07-01', '18:45:41', 0, 2, 0),
(695, 265.88, '2015-07-01', '18:45:41', 0, 1, 0),
(696, 297.16, '2015-07-01', '18:45:41', 0, 3, 0),
(697, 226.78, '2015-07-01', '18:45:41', 0, 2, 0),
(698, 40, '2015-07-01', '18:45:52', 1, NULL, 0),
(699, 40, '2015-07-01', '18:45:52', 1, NULL, 0),
(700, 40, '2015-07-01', '18:45:54', 1, NULL, 0),
(701, 40, '2015-07-01', '18:45:55', 1, NULL, 0),
(702, 258.06, '2015-07-01', '18:45:41', 0, 2, 0),
(703, 273.7, '2015-07-01', '18:45:41', 0, 3, 0),
(704, 281.52, '2015-07-01', '18:45:41', 0, 1, 0),
(705, 40, '2015-07-01', '18:46:20', 1, NULL, 0),
(706, 40, '2015-07-01', '18:46:21', 1, NULL, 0),
(707, 195.5, '2015-07-01', '18:53:49', 0, 2, 0),
(708, 265.88, '2015-07-01', '18:53:49', 0, 1, 0),
(709, 273.7, '2015-07-01', '18:53:49', 0, 3, 0),
(710, 258.06, '2015-07-01', '18:53:49', 0, 2, 0),
(711, 40, '2015-07-01', '18:53:57', 1, NULL, 0),
(712, 40, '2015-07-01', '18:53:58', 1, NULL, 0),
(713, 40, '2015-07-01', '18:54:05', 1, NULL, 0),
(714, 226.78, '2015-07-01', '18:53:49', 0, 2, 0),
(715, 281.52, '2015-07-01', '18:53:49', 0, 1, 0),
(716, 297.16, '2015-07-01', '18:53:49', 0, 3, 0),
(717, 40, '2015-07-01', '18:54:24', 1, NULL, 0),
(718, 258.06, '2015-07-01', '20:02:15', 0, 2, 0),
(719, 281.52, '2015-07-01', '20:02:15', 0, 1, 0),
(720, 297.16, '2015-07-01', '20:02:15', 0, 3, 0),
(721, 195.5, '2015-07-01', '20:02:15', 0, 2, 0),
(722, 40, '2015-07-01', '20:02:25', 1, NULL, 0),
(723, 40, '2015-07-01', '20:02:28', 1, NULL, 0),
(724, 40, '2015-07-01', '20:02:33', 1, NULL, 0),
(725, 226.78, '2015-07-01', '20:02:15', 0, 2, 0),
(726, 40, '2015-07-01', '20:02:34', 1, NULL, 0),
(727, 265.88, '2015-07-01', '20:02:15', 0, 1, 0),
(728, 273.7, '2015-07-01', '20:02:15', 0, 3, 0),
(729, 40, '2015-07-01', '20:02:40', 1, NULL, 0),
(730, 40, '2015-07-01', '20:02:45', 1, NULL, 0),
(731, 195.5, '2015-07-01', '20:03:26', 0, 2, 0),
(732, 281.52, '2015-07-01', '20:03:26', 0, 1, 0),
(733, 297.16, '2015-07-01', '20:03:26', 0, 3, 0),
(734, 258.06, '2015-07-01', '20:03:26', 0, 2, 0),
(735, 40, '2015-07-01', '20:03:35', 1, NULL, 0),
(736, 40, '2015-07-01', '20:03:39', 1, NULL, 0),
(737, 40, '2015-07-01', '20:03:44', 1, NULL, 0),
(738, 258.06, '2015-07-01', '20:04:09', 0, 2, 0),
(739, 273.7, '2015-07-01', '20:04:09', 0, 3, 0),
(740, 281.52, '2015-07-01', '20:04:09', 0, 1, 0),
(741, 40, '2015-07-01', '20:04:15', 1, NULL, 0),
(742, 195.5, '2015-07-01', '20:04:09', 0, 2, 0),
(743, 258.06, '2015-07-01', '20:05:09', 0, 2, 0),
(744, 273.7, '2015-07-01', '20:05:09', 0, 3, 0),
(745, 281.52, '2015-07-01', '20:05:09', 0, 1, 0),
(746, 226.78, '2015-07-01', '20:05:09', 0, 2, 0),
(747, 258.06, '2015-07-01', '20:06:23', 0, 2, 0),
(748, 265.88, '2015-07-01', '20:06:23', 0, 1, 0),
(749, 273.7, '2015-07-01', '20:06:23', 0, 3, 0),
(750, 226.78, '2015-07-01', '20:06:23', 0, 2, 0),
(751, 40, '2015-07-01', '20:06:32', 1, NULL, 0),
(752, 40, '2015-07-01', '20:06:39', 1, NULL, 0),
(753, 40, '2015-07-01', '20:06:39', 1, NULL, 0),
(754, 195.5, '2015-07-01', '20:06:23', 0, 2, 0),
(755, 281.52, '2015-07-01', '20:06:23', 0, 1, 0),
(756, 297.16, '2015-07-01', '20:06:23', 0, 3, 0),
(757, 40, '2015-07-01', '20:06:56', 1, NULL, 0),
(758, 40, '2015-07-01', '20:07:01', 1, NULL, 0),
(759, 40, '2015-07-01', '20:07:03', 1, NULL, 0),
(760, 258.06, '2015-07-01', '20:08:15', 0, 2, 0),
(761, 281.52, '2015-07-01', '20:08:15', 0, 1, 0),
(762, 297.16, '2015-07-01', '20:08:15', 0, 3, 0),
(763, 195.5, '2015-07-01', '20:08:15', 0, 2, 0),
(764, 40, '2015-07-01', '20:08:27', 1, NULL, 0),
(765, 40, '2015-07-01', '20:08:30', 1, NULL, 0),
(766, 40, '2015-07-01', '20:08:31', 1, NULL, 0),
(767, 40, '2015-07-01', '20:08:34', 1, NULL, 0),
(768, 226.78, '2015-07-01', '20:08:32', 0, 2, 0),
(769, 265.88, '2015-07-01', '20:08:15', 0, 1, 0),
(770, 273.7, '2015-07-01', '20:08:15', 0, 3, 0),
(771, 40, '2015-07-01', '20:08:38', 1, NULL, 0),
(772, 40, '2015-07-01', '20:08:48', 1, NULL, 0),
(773, 258.06, '2015-07-01', '20:13:50', 0, 2, 0),
(774, 265.88, '2015-07-01', '20:13:50', 0, 1, 0),
(775, 297.16, '2015-07-01', '20:13:50', 0, 3, 0),
(776, 195.5, '2015-07-01', '20:13:50', 0, 2, 0),
(777, 40, '2015-07-01', '20:13:59', 1, NULL, 0),
(778, 40, '2015-07-01', '20:14:00', 1, NULL, 0),
(779, 40, '2015-07-01', '20:14:03', 1, NULL, 0),
(780, 226.78, '2015-07-01', '20:17:09', 0, 2, 0),
(781, 40, '2015-07-01', '20:17:12', 1, NULL, 0),
(782, 273.7, '2015-07-01', '20:17:09', 0, 3, 0),
(783, 281.52, '2015-07-01', '20:17:09', 0, 1, 0),
(784, 258.06, '2015-07-01', '20:17:09', 0, 2, 0),
(785, 40, '2015-07-01', '20:17:18', 1, NULL, 0),
(786, 40, '2015-07-01', '20:17:19', 1, NULL, 0),
(787, 40, '2015-07-01', '20:17:22', 1, NULL, 0),
(788, 195.5, '2015-07-01', '20:17:09', 0, 2, 0),
(789, 265.88, '2015-07-01', '20:17:09', 0, 1, 0),
(790, 297.16, '2015-07-01', '20:17:09', 0, 3, 0),
(791, 258.06, '2015-07-01', '20:17:53', 0, 2, 0),
(792, 281.52, '2015-07-01', '20:17:53', 0, 1, 0),
(793, 297.16, '2015-07-01', '20:17:53', 0, 3, 0),
(794, 226.78, '2015-07-01', '20:17:53', 0, 2, 0),
(795, 40, '2015-07-01', '20:18:03', 1, NULL, 0),
(796, 40, '2015-07-01', '20:18:05', 1, NULL, 0),
(797, 40, '2015-07-01', '20:18:07', 1, NULL, 0),
(798, 40, '2015-07-01', '20:18:08', 1, NULL, 0),
(799, 226.78, '2015-07-01', '20:19:55', 0, 2, 0),
(800, 281.52, '2015-07-01', '20:19:55', 0, 1, 0),
(801, 297.16, '2015-07-01', '20:19:55', 0, 3, 0),
(802, 195.5, '2015-07-01', '20:19:55', 0, 2, 0),
(803, 40, '2015-07-01', '20:20:02', 1, NULL, 0),
(804, 40, '2015-07-01', '20:20:05', 1, NULL, 0),
(805, 40, '2015-07-01', '20:20:06', 1, NULL, 0),
(806, 195.5, '2015-07-01', '20:20:24', 0, 2, 0),
(807, 281.52, '2015-07-01', '20:20:24', 0, 1, 0),
(808, 297.16, '2015-07-01', '20:20:24', 0, 3, 0),
(809, 258.06, '2015-07-01', '20:20:24', 0, 2, 0),
(810, 40, '2015-07-01', '20:20:31', 1, NULL, 0),
(811, 40, '2015-07-01', '20:20:32', 1, NULL, 0),
(812, 40, '2015-07-01', '20:20:37', 1, NULL, 0),
(813, 226.78, '2015-07-01', '20:22:11', 0, 2, 0),
(814, 265.88, '2015-07-01', '20:22:11', 0, 1, 0),
(815, 273.7, '2015-07-01', '20:22:11', 0, 3, 0),
(816, 258.06, '2015-07-01', '20:22:11', 0, 2, 0),
(817, 40, '2015-07-01', '20:22:21', 1, NULL, 0),
(818, 40, '2015-07-01', '20:22:22', 1, NULL, 0),
(819, 40, '2015-07-01', '20:22:24', 1, NULL, 0),
(820, 195.5, '2015-07-01', '20:22:11', 0, 2, 0),
(821, 281.52, '2015-07-01', '20:22:11', 0, 1, 0),
(822, 297.16, '2015-07-01', '20:22:11', 0, 3, 0),
(823, 40, '2015-07-01', '20:22:46', 1, NULL, 0),
(824, 40, '2015-07-01', '20:22:48', 1, NULL, 0),
(825, 40, '2015-07-01', '20:22:50', 1, NULL, 0),
(826, 195.5, '2015-07-01', '20:23:25', 0, 2, 0),
(827, 281.52, '2015-07-01', '20:23:25', 0, 1, 0),
(828, 297.16, '2015-07-01', '20:23:25', 0, 3, 0),
(829, 226.78, '2015-07-01', '20:23:32', 0, 2, 0),
(830, 273.7, '2015-07-01', '20:23:32', 0, 3, 0),
(831, 281.52, '2015-07-01', '20:23:32', 0, 1, 0),
(832, 226.78, '2015-07-01', '20:24:02', 0, 2, 0),
(833, 265.88, '2015-07-01', '20:24:02', 0, 1, 0),
(834, 297.16, '2015-07-01', '20:24:02', 0, 3, 0),
(835, 195.5, '2015-07-01', '20:24:02', 0, 2, 0),
(836, 40, '2015-07-01', '20:24:12', 1, NULL, 0),
(837, 40, '2015-07-01', '20:24:14', 1, NULL, 0),
(838, 40, '2015-07-01', '20:24:14', 1, NULL, 0),
(839, 40, '2015-07-01', '20:24:20', 1, NULL, 0),
(840, 195.5, '2015-07-01', '20:25:11', 0, 2, 0),
(841, 40, '2015-07-01', '20:25:14', 1, NULL, 0),
(842, 281.52, '2015-07-01', '20:25:11', 0, 1, 0),
(843, 297.16, '2015-07-01', '20:25:11', 0, 3, 0),
(844, 258.06, '2015-07-01', '20:25:11', 0, 2, 0),
(845, 40, '2015-07-01', '20:25:22', 1, NULL, 0),
(846, 258.06, '2015-07-01', '20:26:14', 0, 2, 0),
(847, 273.7, '2015-07-01', '20:26:14', 0, 3, 0),
(848, 281.52, '2015-07-01', '20:26:14', 0, 1, 0),
(849, 195.5, '2015-07-01', '20:26:14', 0, 2, 0),
(850, 40, '2015-07-01', '20:26:21', 1, NULL, 0),
(851, 40, '2015-07-01', '20:26:27', 1, NULL, 0),
(852, 40, '2015-07-01', '20:26:29', 1, NULL, 0),
(853, 258.06, '2015-07-01', '20:28:18', 0, 2, 0),
(854, 281.52, '2015-07-01', '20:28:18', 0, 1, 0),
(855, 297.16, '2015-07-01', '20:28:18', 0, 3, 0),
(856, 40, '2015-07-01', '20:28:24', 1, NULL, 0),
(857, 226.78, '2015-07-01', '20:28:18', 0, 2, 0),
(858, 40, '2015-07-01', '20:28:26', 1, NULL, 0),
(859, 40, '2015-07-01', '20:28:32', 1, NULL, 0),
(860, 40, '2015-07-01', '20:28:37', 1, NULL, 0),
(861, 40, '2015-07-01', '20:28:41', 1, NULL, 0),
(862, 195.5, '2015-07-01', '20:28:39', 0, 2, 0),
(863, 265.88, '2015-07-01', '20:28:18', 0, 1, 0),
(864, 273.7, '2015-07-01', '20:28:18', 0, 3, 0),
(865, 40, '2015-07-01', '20:28:54', 1, NULL, 0),
(866, 226.78, '2015-07-01', '20:30:27', 0, 2, 0),
(867, 40, '2015-07-01', '20:30:30', 1, NULL, 0),
(868, 273.7, '2015-07-01', '20:30:27', 0, 3, 0),
(869, 265.88, '2015-07-01', '20:30:27', 0, 1, 0),
(870, 195.5, '2015-07-01', '20:30:27', 0, 2, 0),
(871, 40, '2015-07-01', '20:30:34', 1, NULL, 0),
(872, 40, '2015-07-01', '20:30:42', 1, NULL, 0),
(873, 40, '2015-07-01', '20:30:46', 1, NULL, 0),
(874, 258.06, '2015-07-01', '20:30:27', 0, 2, 0),
(875, 281.52, '2015-07-01', '20:30:27', 0, 1, 0),
(876, 297.16, '2015-07-01', '20:30:27', 0, 3, 0),
(877, 40, '2015-07-01', '20:31:00', 1, NULL, 0),
(878, 40, '2015-07-01', '20:31:06', 1, NULL, 0),
(879, 226.78, '2015-07-01', '20:55:05', 0, 2, 0),
(880, 265.88, '2015-07-01', '20:55:05', 0, 1, 0),
(881, 297.16, '2015-07-01', '20:55:05', 0, 3, 0),
(882, 195.5, '2015-07-01', '20:55:05', 0, 2, 0),
(883, 40, '2015-07-01', '20:55:13', 1, NULL, 0),
(884, 40, '2015-07-01', '20:55:17', 1, NULL, 0),
(885, 40, '2015-07-01', '20:55:19', 1, NULL, 0),
(886, 40, '2015-07-01', '20:55:26', 1, NULL, 0),
(887, 258.06, '2015-07-01', '20:55:05', 0, 2, 0),
(888, 273.7, '2015-07-01', '20:55:05', 0, 3, 0),
(889, 281.52, '2015-07-01', '20:55:05', 0, 1, 0),
(890, 40, '2015-07-01', '20:55:32', 1, NULL, 0),
(891, 40, '2015-07-01', '20:55:41', 1, NULL, 0),
(892, 195.5, '2015-07-01', '20:56:55', 0, 2, 0),
(893, 226.78, '2015-07-01', '20:57:07', 0, 2, 0),
(894, 265.88, '2015-07-01', '20:57:07', 0, 1, 0),
(895, 273.7, '2015-07-01', '20:57:07', 0, 3, 0),
(896, 258.06, '2015-07-01', '20:57:07', 0, 2, 0),
(897, 40, '2015-07-01', '20:57:13', 1, NULL, 0),
(898, 40, '2015-07-01', '20:57:18', 1, NULL, 0),
(899, 40, '2015-07-01', '20:57:24', 1, NULL, 0),
(900, 195.5, '2015-07-01', '20:57:07', 0, 2, 0),
(901, 281.52, '2015-07-01', '20:57:07', 0, 1, 0),
(902, 297.16, '2015-07-01', '20:57:07', 0, 3, 0),
(903, 40, '2015-07-01', '20:57:41', 1, NULL, 0),
(904, 40, '2015-07-01', '20:57:47', 1, NULL, 0),
(905, 40, '2015-07-01', '20:57:51', 1, NULL, 0),
(906, 195.5, '2015-07-01', '21:35:37', 0, 2, 0),
(907, 265.88, '2015-07-01', '21:35:37', 0, 1, 0),
(908, 273.7, '2015-07-01', '21:35:37', 0, 3, 0),
(909, 258.06, '2015-07-01', '21:35:37', 0, 2, 0),
(910, 40, '2015-07-01', '21:35:48', 1, NULL, 0),
(911, 40, '2015-07-01', '21:35:51', 1, NULL, 0),
(912, 40, '2015-07-01', '21:35:52', 1, NULL, 0),
(913, 281.52, '2015-07-01', '21:35:37', 0, 1, 0),
(914, 297.16, '2015-07-01', '21:35:37', 0, 3, 0),
(915, 40, '2015-07-01', '21:36:12', 1, NULL, 0),
(916, 40, '2015-07-01', '21:36:14', 1, NULL, 0),
(917, 226.78, '2015-07-01', '21:35:37', 0, 2, 0),
(918, 258.06, '2015-07-01', '21:40:31', 0, 2, 0),
(919, 281.52, '2015-07-01', '21:40:31', 0, 1, 0),
(920, 297.16, '2015-07-01', '21:40:31', 0, 3, 0),
(921, 40, '2015-07-01', '21:40:36', 1, NULL, 0),
(922, 226.78, '2015-07-01', '21:40:31', 0, 2, 0),
(923, 40, '2015-07-01', '21:40:42', 1, NULL, 0),
(924, 40, '2015-07-01', '21:40:44', 1, NULL, 0),
(925, 40, '2015-07-01', '21:40:51', 1, NULL, 0),
(926, 40, '2015-07-01', '21:40:52', 1, NULL, 0),
(927, 195.5, '2015-07-01', '21:40:50', 0, 2, 0),
(928, 265.88, '2015-07-01', '21:40:31', 0, 1, 0),
(929, 273.7, '2015-07-01', '21:40:31', 0, 3, 0),
(930, 40, '2015-07-01', '21:41:02', 1, NULL, 0),
(931, 40, '2015-07-01', '23:17:03', 1, NULL, 0),
(932, 258.06, '2015-07-01', '23:16:59', 0, 2, 0),
(933, 265.88, '2015-07-01', '23:16:59', 0, 1, 0),
(934, 273.7, '2015-07-01', '23:16:59', 0, 3, 0),
(935, 226.78, '2015-07-01', '23:16:59', 0, 2, 0),
(936, 40, '2015-07-01', '23:17:08', 1, NULL, 0),
(937, 40, '2015-07-01', '23:17:17', 1, NULL, 0),
(938, 195.5, '2015-07-01', '23:16:59', 0, 2, 0),
(939, 281.52, '2015-07-01', '23:16:59', 0, 1, 0),
(940, 297.16, '2015-07-01', '23:16:59', 0, 3, 0),
(941, 40, '2015-07-01', '23:17:30', 1, NULL, 0),
(942, 40, '2015-07-01', '23:17:32', 1, NULL, 0),
(943, 40, '2015-07-01', '23:17:37', 1, NULL, 0),
(944, 258.06, '2015-07-01', '23:20:09', 0, 2, 0),
(945, 273.7, '2015-07-01', '23:20:09', 0, 3, 0),
(946, 281.52, '2015-07-01', '23:20:09', 0, 1, 0),
(947, 195.5, '2015-07-01', '23:20:09', 0, 2, 0),
(948, 40, '2015-07-01', '23:20:16', 1, NULL, 0),
(949, 40, '2015-07-01', '23:20:17', 1, NULL, 0),
(950, 40, '2015-07-01', '23:20:27', 1, NULL, 0),
(951, 40, '2015-07-01', '23:20:27', 1, NULL, 0),
(952, 195.5, '2015-07-01', '23:34:48', 0, 2, 0),
(953, 281.52, '2015-07-01', '23:34:48', 0, 1, 0),
(954, 297.16, '2015-07-01', '23:34:48', 0, 3, 0),
(955, 258.06, '2015-07-01', '23:34:48', 0, 2, 0),
(956, 40, '2015-07-01', '23:35:00', 1, NULL, 0),
(957, 40, '2015-07-01', '23:35:02', 1, NULL, 0),
(958, 40, '2015-07-01', '23:35:02', 1, NULL, 0),
(959, 40, '2015-07-01', '23:35:04', 1, NULL, 0),
(960, 226.78, '2015-07-01', '23:34:48', 0, 2, 0),
(961, 265.88, '2015-07-01', '23:34:48', 0, 1, 0),
(962, 273.7, '2015-07-01', '23:34:48', 0, 3, 0),
(963, 40, '2015-07-01', '23:35:18', 1, NULL, 0),
(964, 40, '2015-07-01', '23:35:19', 1, NULL, 0),
(965, 226.78, '2015-07-01', '23:36:43', 0, 2, 0),
(966, 273.7, '2015-07-01', '23:36:43', 0, 3, 0),
(967, 281.52, '2015-07-01', '23:36:43', 0, 1, 0),
(968, 40, '2015-07-01', '23:36:47', 1, NULL, 0),
(969, 258.06, '2015-07-01', '23:36:43', 0, 2, 0),
(970, 40, '2015-07-01', '23:36:55', 1, NULL, 0),
(971, 40, '2015-07-01', '23:36:59', 1, NULL, 0),
(972, 40, '2015-07-01', '23:37:01', 1, NULL, 0),
(973, 195.5, '2015-07-01', '23:36:43', 0, 2, 0),
(974, 265.88, '2015-07-01', '23:36:43', 0, 1, 0),
(975, 297.16, '2015-07-01', '23:36:43', 0, 3, 0),
(976, 40, '2015-07-01', '23:37:17', 1, NULL, 0),
(977, 40, '2015-07-01', '23:37:20', 1, NULL, 0),
(978, 195.5, '2015-07-01', '23:39:40', 0, 2, 0),
(979, 265.88, '2015-07-01', '23:39:40', 0, 1, 0),
(980, 273.7, '2015-07-01', '23:39:40', 0, 3, 0),
(981, 226.78, '2015-07-01', '23:39:40', 0, 2, 0),
(982, 40, '2015-07-01', '23:39:50', 1, NULL, 0),
(983, 40, '2015-07-01', '23:39:52', 1, NULL, 0),
(984, 40, '2015-07-01', '23:39:52', 1, NULL, 0),
(985, 258.06, '2015-07-01', '23:43:29', 0, 2, 0),
(986, 281.52, '2015-07-01', '23:43:29', 0, 1, 0),
(987, 297.16, '2015-07-01', '23:43:29', 0, 3, 0),
(988, 226.78, '2015-07-01', '23:43:29', 0, 2, 0),
(989, 40, '2015-07-01', '23:43:36', 1, NULL, 0),
(990, 40, '2015-07-01', '23:43:43', 1, NULL, 0),
(991, 40, '2015-07-01', '23:43:46', 1, NULL, 0),
(992, 40, '2015-07-01', '23:43:47', 1, NULL, 0),
(993, 195.5, '2015-07-01', '23:43:29', 0, 2, 0),
(994, 265.88, '2015-07-01', '23:43:29', 0, 1, 0),
(995, 273.7, '2015-07-01', '23:43:29', 0, 3, 0),
(996, 40, '2015-07-01', '23:44:00', 1, NULL, 0),
(997, 40, '2015-07-01', '23:44:09', 1, NULL, 0),
(998, 195.5, '2015-07-01', '23:46:57', 0, 2, 0),
(999, 273.7, '2015-07-01', '23:46:57', 0, 3, 0),
(1000, 281.52, '2015-07-01', '23:46:57', 0, 1, 0),
(1001, 226.78, '2015-07-01', '23:46:57', 0, 2, 0),
(1002, 40, '2015-07-01', '23:47:06', 1, NULL, 0),
(1003, 40, '2015-07-01', '23:47:10', 1, NULL, 0),
(1004, 40, '2015-07-01', '23:47:11', 1, NULL, 0),
(1005, 40, '2015-07-01', '23:47:14', 1, NULL, 0),
(1006, 40, '2015-07-01', '23:47:15', 1, NULL, 0),
(1007, 258.06, '2015-07-01', '23:46:57', 0, 2, 0),
(1008, 265.88, '2015-07-01', '23:46:57', 0, 1, 0),
(1009, 297.16, '2015-07-01', '23:46:57', 0, 3, 0),
(1010, 40, '2015-07-01', '23:47:29', 1, NULL, 0),
(1011, 195.5, '2015-07-02', '00:00:38', 0, 2, 0),
(1012, 281.52, '2015-07-02', '00:00:38', 0, 1, 0),
(1013, 297.16, '2015-07-02', '00:00:38', 0, 3, 0),
(1014, 258.06, '2015-07-02', '00:00:38', 0, 2, 0),
(1015, 40, '2015-07-02', '00:00:48', 1, NULL, 0),
(1016, 40, '2015-07-02', '00:00:49', 1, NULL, 0),
(1017, 40, '2015-07-02', '00:00:52', 1, NULL, 0),
(1018, 40, '2015-07-02', '00:00:55', 1, NULL, 0),
(1019, 226.78, '2015-07-02', '00:00:38', 0, 2, 0),
(1020, 265.88, '2015-07-02', '00:00:38', 0, 1, 0),
(1021, 273.7, '2015-07-02', '00:00:38', 0, 3, 0),
(1022, 40, '2015-07-02', '00:01:09', 1, NULL, 0),
(1023, 40, '2015-07-02', '00:01:11', 1, NULL, 0),
(1024, 258.06, '2015-07-02', '00:15:56', 0, 2, 0),
(1025, 273.7, '2015-07-02', '00:15:56', 0, 3, 0),
(1026, 281.52, '2015-07-02', '00:15:56', 0, 1, 0),
(1027, 226.78, '2015-07-02', '00:15:56', 0, 2, 0),
(1028, 40, '2015-07-02', '00:16:03', 1, NULL, 0),
(1029, 40, '2015-07-02', '00:16:06', 1, NULL, 0),
(1030, 40, '2015-07-02', '00:16:07', 1, NULL, 0),
(1031, 40, '2015-07-02', '00:16:11', 1, NULL, 0),
(1032, 195.5, '2015-07-02', '00:15:56', 0, 2, 0),
(1033, 265.88, '2015-07-02', '00:15:56', 0, 1, 0),
(1034, 297.16, '2015-07-02', '00:15:56', 0, 3, 0),
(1035, 40, '2015-07-02', '00:16:25', 1, NULL, 0),
(1036, 226.78, '2015-07-02', '00:25:25', 0, 2, 0),
(1037, 281.52, '2015-07-02', '00:25:25', 0, 1, 0),
(1038, 297.16, '2015-07-02', '00:25:25', 0, 3, 0),
(1039, 258.06, '2015-07-02', '00:25:25', 0, 2, 0),
(1040, 40, '2015-07-02', '00:25:34', 1, NULL, 0),
(1041, 40, '2015-07-02', '00:25:34', 1, NULL, 0),
(1042, 40, '2015-07-02', '00:25:38', 1, NULL, 0),
(1043, 40, '2015-07-02', '00:25:42', 1, NULL, 0),
(1044, 195.5, '2015-07-02', '00:25:25', 0, 2, 0),
(1045, 265.88, '2015-07-02', '00:25:25', 0, 1, 0),
(1046, 273.7, '2015-07-02', '00:25:25', 0, 3, 0),
(1047, 40, '2015-07-02', '00:25:52', 1, NULL, 0),
(1048, 226.78, '2015-07-02', '00:30:59', 0, 2, 0),
(1049, 281.52, '2015-07-02', '00:30:59', 0, 1, 0),
(1050, 297.16, '2015-07-02', '00:30:59', 0, 3, 0),
(1051, 195.5, '2015-07-02', '00:30:59', 0, 2, 0),
(1052, 40, '2015-07-02', '00:31:10', 1, NULL, 0),
(1053, 40, '2015-07-02', '00:31:12', 1, NULL, 0),
(1054, 40, '2015-07-02', '00:31:13', 1, NULL, 0),
(1055, 40, '2015-07-02', '00:31:18', 1, NULL, 0),
(1056, 40, '2015-07-02', '00:31:20', 1, NULL, 0),
(1057, 258.06, '2015-07-02', '00:30:59', 0, 2, 0),
(1058, 265.88, '2015-07-02', '00:30:59', 0, 1, 0),
(1059, 273.7, '2015-07-02', '00:30:59', 0, 3, 0),
(1060, 40, '2015-07-02', '00:31:38', 1, NULL, 0),
(1061, 258.06, '2015-07-02', '00:36:01', 0, 2, 0),
(1062, 273.7, '2015-07-02', '00:36:01', 0, 3, 0),
(1063, 281.52, '2015-07-02', '00:36:01', 0, 1, 0),
(1064, 226.78, '2015-07-02', '00:36:01', 0, 2, 0),
(1065, 40, '2015-07-02', '00:36:13', 1, NULL, 0),
(1066, 40, '2015-07-02', '00:36:14', 1, NULL, 0),
(1067, 40, '2015-07-02', '00:36:14', 1, NULL, 0),
(1068, 40, '2015-07-02', '00:36:17', 1, NULL, 0),
(1069, 195.5, '2015-07-02', '00:36:01', 0, 2, 0),
(1070, 265.88, '2015-07-02', '00:36:01', 0, 1, 0),
(1071, 297.16, '2015-07-02', '00:36:01', 0, 3, 0),
(1072, 40, '2015-07-02', '00:36:34', 1, NULL, 0),
(1073, 40, '2015-07-02', '00:36:38', 1, NULL, 0),
(1074, 258.06, '2015-07-02', '00:39:58', 0, 2, 0),
(1075, 265.88, '2015-07-02', '00:39:58', 0, 1, 0),
(1076, 297.16, '2015-07-02', '00:39:58', 0, 3, 0),
(1077, 40, '2015-07-02', '00:40:03', 1, NULL, 0),
(1078, 195.5, '2015-07-02', '00:39:58', 0, 2, 0),
(1079, 40, '2015-07-02', '00:40:11', 1, NULL, 0),
(1080, 40, '2015-07-02', '00:40:13', 1, NULL, 0),
(1081, 226.78, '2015-07-02', '00:39:58', 0, 2, 0),
(1082, 273.7, '2015-07-02', '00:39:58', 0, 3, 0),
(1083, 281.52, '2015-07-02', '00:39:58', 0, 1, 0),
(1084, 40, '2015-07-02', '00:40:24', 1, NULL, 0),
(1085, 40, '2015-07-02', '00:40:29', 1, NULL, 0),
(1086, 40, '2015-07-02', '00:40:32', 1, NULL, 0),
(1087, 258.06, '2015-07-02', '00:44:26', 0, 2, 0),
(1088, 273.7, '2015-07-02', '00:44:26', 0, 3, 0),
(1089, 281.52, '2015-07-02', '00:44:26', 0, 1, 0),
(1090, 195.5, '2015-07-02', '00:44:26', 0, 2, 0),
(1091, 40, '2015-07-02', '00:44:35', 1, NULL, 0),
(1092, 40, '2015-07-02', '00:44:36', 1, NULL, 0),
(1093, 40, '2015-07-02', '00:44:38', 1, NULL, 0),
(1094, 40, '2015-07-02', '00:44:46', 1, NULL, 0),
(1095, 226.78, '2015-07-02', '00:44:26', 0, 2, 0),
(1096, 265.88, '2015-07-02', '00:44:26', 0, 1, 0),
(1097, 297.16, '2015-07-02', '00:44:26', 0, 3, 0),
(1098, 40, '2015-07-02', '00:45:03', 1, NULL, 0),
(1099, 40, '2015-07-02', '00:45:04', 1, NULL, 0),
(1100, 195.5, '2015-07-02', '00:47:58', 0, 2, 0),
(1101, 281.52, '2015-07-02', '00:47:58', 0, 1, 0),
(1102, 297.16, '2015-07-02', '00:47:58', 0, 3, 0),
(1103, 40, '2015-07-02', '00:48:02', 1, NULL, 0),
(1104, 258.06, '2015-07-02', '00:47:58', 0, 2, 0),
(1105, 40, '2015-07-02', '00:48:11', 1, NULL, 0),
(1106, 40, '2015-07-02', '00:48:14', 1, NULL, 0),
(1107, 40, '2015-07-02', '00:48:17', 1, NULL, 0),
(1108, 40, '2015-07-02', '00:48:19', 1, NULL, 0),
(1109, 265.88, '2015-07-02', '00:47:58', 0, 1, 0),
(1110, 273.7, '2015-07-02', '00:47:58', 0, 3, 0),
(1111, 40, '2015-07-02', '00:48:38', 1, NULL, 0),
(1112, 226.78, '2015-07-02', '00:48:23', 0, 2, 0);

--
-- Constraints for dumped tables
--

--
-- Constraints for table `pumps`
--
ALTER TABLE `pumps`
  ADD CONSTRAINT `pumps_ibfk_1` FOREIGN KEY (`STATION_ID`) REFERENCES `gas_stations` (`ID`);

--
-- Constraints for table `transactions`
--
ALTER TABLE `transactions`
  ADD CONSTRAINT `transactions_ibfk_2` FOREIGN KEY (`SERVICE_TYPE`) REFERENCES `service_types` (`ID`),
  ADD CONSTRAINT `transactions_ibfk_4` FOREIGN KEY (`PUMP`) REFERENCES `pumps` (`ID`),
  ADD CONSTRAINT `transactions_ibfk_5` FOREIGN KEY (`STATION_ID`) REFERENCES `gas_stations` (`ID`);

/*!40101 SET CHARACTER_SET_CLIENT=@OLD_CHARACTER_SET_CLIENT */;
/*!40101 SET CHARACTER_SET_RESULTS=@OLD_CHARACTER_SET_RESULTS */;
/*!40101 SET COLLATION_CONNECTION=@OLD_COLLATION_CONNECTION */;
